Perfil,h (mm),b (mm),tw (mm),tf (mm),r (mm),d (mm),A (cm2),G (Kg/m1),Iy (cm4),Wy (cm3),iy (cm1),Iz (cm4),Wz (cm3),iz (cm1)
"IPE 80",80,46,3.8,5.2,5,59.6,7.64,6,80.14,20.03,3.24,8.49,3.69,1.05
"IPE 100",100,55,4.1,5.7,7,74.6,10.32,8.1,171,34.2,4.07,15.9,5.79,1.24
"IPE 120",120,64,4.4,6.3,7,93.4,13.2,10.4,318,53,4.9,27.7,8.65,1.45
"IPE 140",140,73,4.7,6.9,7,112.2,16.4,12.9,541,77.3,5.74,44.9,12.3,1.65
"IPE 160",160,82,5,7.4,9,127.2,20.1,15.8,869,109,6.58,68.3,16.7,1.84
"IPE 180",180,91,5.3,8,9,146,23.9,18.8,1.32,146,7.42,101,22.2,2.05
"IPE 200",200,100,5.6,8.5,12,159,28.5,22.4,1.94,194,8.26,142,28.5,2.24
"IPE 220",220,110,5.9,9.2,12,177.6,33.4,26.2,2.77,252,9.11,205,37.3,2.48
"IPE 240",240,120,6.2,9.8,15,190.4,39.1,30.7,3.89,324,9.97,284,47.3,2.69
"IPE 270",270,135,6.6,10.2,15,219.6,45.9,36.1,5.79,429,11.2,420,62.2,3.02
"IPE 300",300,150,7.1,10.7,15,248.6,53.8,42.2,8.36,557,12.5,604,80.5,3.35
"IPE 330",330,160,7.5,11.5,18,271,62.6,49.1,11.77,713,13.7,788,98.5,3.55
"IPE 360",360,170,8,12.7,18,298.6,72.7,57.1,16.27,904,15,1.04,123,3.79
"IPE 400",400,180,8.6,13.5,21,331,84.5,66.3,23.13,1.16,16.5,1.32,146,3.95
"IPE 450",450,190,9.4,14.6,21,378.8,98.8,77.6,33.74,1.5,18.5,1.68,176,4.12
"IPE 500",500,200,10.2,16,21,426,116,90.7,48.2,1.93,20.4,2.14,214,4.31
"IPE 550",550,210,11.1,17.2,24,467.6,134,106,67.12,2.44,22.3,2.67,254,4.45
"IPE 600",600,220,12,19,24,514,156,122,92.08,3.07,24.3,3.39,308,4.66
"IPN 80",80,45,"",5.9,"",59,7.58,5.95,77.8,19.5,3.2,6.29,3,0.91
"IPN 100",100,50,"",6.8,"",75,10.6,8.32,171,34.2,4.01,12.2,4.88,1.07
"IPN 120",120,58,"",7.7,"",92,14.2,11.1,328,54.7,4.81,21.5,7.41,1.23
"IPN 140",140,66,"",8.6,"",109,18.3,14.4,573,81.9,5.61,35.2,10.7,1.4
"IPN 160",160,74,"",9.5,"",125,22.8,17.9,935,117,6.4,54.7,14.8,1.55
"IPN 180",180,82,"",10.4,"",142,27.9,21.9,1.45,161,7.2,81.3,19.8,1.71
"IPN 200",200,90,"",11.3,"",159,33.5,26.3,2.14,214,8,117,26,1.87
"IPN 220",220,98,"",12.2,"",175,39.6,31.1,3.06,278,8.8,162,33.1,2.02
"IPN 240",240,106,"",13.1,"",192,46.1,36.2,4.25,354,9.59,221,41.7,2.2
"IPN 260",260,113,"",14.1,"",208,53.4,41.9,5.74,442,10.4,288,51,2.32
"IPN 280",280,119,"",15.2,"",225,61.1,48,7.59,542,11.1,364,61.2,2.45
"IPN 300",300,125,"",16.2,"",241,69.1,54.2,9.8,653,11.9,451,72.2,2.56
"IPN 320",320,131,"",17.3,"",257,77.8,61.1,12.51,782,12.7,555,84.7,2.67
"IPN 340",340,137,"",18.3,"",274,86.8,68.1,15.7,923,13.5,674,98.4,2.8
"IPN 360",360,143,"",19.5,"",290,97.1,76.2,19.61,1.09,14.2,818,114,2.9
"IPN 380",380,149,"",20.5,"",306,107,84,24.01,1.26,15,975,131,3.02
"IPN 400",400,155,"",21.6,"",323,118,92.6,29.21,1.46,15.7,1.16,148,3.13
"IPN 450",450,170,"",24.3,"",363,147,115,45.85,2.04,17.7,1.73,203,3.43
"IPN 500",500,185,"",27,"",404,180,141,68.74,2.75,19.6,2.48,268,3.71
"IPN 550",550,200,"",30,"",444,213,167,99.18,3.61,21.6,3.49,349,4.02
"IPN 600",600,215,"",32.4,"",485,254,199,139,4.63,23.4,4.67,434,4.3
"HEA 100",96,100,5,8,12,56,21.2,16.7,349,72.8,4.06,134,26.8,2.51
"HEA 120",114,120,5,8,12,74,25.3,19.9,606,106,4.89,231,38.5,3.02
"HEA 140",133,140,5.5,8.5,12,92,31.4,24.7,1.03,155,5.73,389,55.6,3.52
"HEA 160",152,160,6,9,15,104,38.8,30.4,1.67,220,6.57,616,76.9,3.98
"HEA 180",171,180,6,9.5,15,122,45.3,35.5,2.51,294,7.45,925,103,4.52
"HEA 200",190,200,6.5,10,18,134,53.8,42.3,3.69,389,8.28,1.34,134,4.98
"HEA 220",210,220,7,11,18,152,64.3,50.5,5.41,515,9.17,1.95,178,5.51
"HEA 240",230,240,7.5,12,21,164,76.8,60.3,7.76,675,10.8,2.77,231,6
"HEA 260",250,260,7.5,12.5,24,177,86.8,68.2,10.45,836,11,3.67,282,6.5
"HEA 280",270,280,8,13,24,196,97.3,76.4,13.67,1.01,11.9,4.76,340,7
"HEA 300",290,300,8.5,14,27,208,113,88.3,18.26,1.26,12.7,6.31,421,7.47
"HEA 320",310,300,9,15.5,27,225,124,97.6,22.93,1.48,13.6,6.99,466,7.51
"HEA 340",330,300,9.5,16.5,27,243,133,105,27.69,1.68,14.4,7.74,496,7.46
"HEA 360",350,300,10,17.5,27,261,143,112,33.09,1.89,15.2,7.89,526,7.43
"HEA 400",390,300,11,19,27,298,159,125,45.07,2.31,16.8,8.56,571,7.34
"HEA 450",440,300,11.5,21,27,344,178,140,63.72,2.9,18.9,9.47,631,7.29
"HEA 500",490,300,12,23,27,390,198,155,86.97,3.55,21,10.37,691,7.24
"HEA 550",540,300,12.5,24,27,438,211.8,166,111932,4.15,23,10819,721,7.15
"HEA 600",590,300,13,25,27,486,226.6,178,141208,4.79,25,11271,751,7.05
"HEA 650",640,300,13.5,26,27,534,241.6,190,175178,5.47,26.9,11724,782,6.97
"HEA 700",690,300,14.5,27,27,582,260.5,204,215301,6.24,28.8,12179,812,6.84
"HEA 800",790,300,15,28,30,674,285.8,224,303442,7.68,32.6,12639,843,6.65
"HEA 900",890,300,16,30,30,770,320.5,252,422075,9.48,36.3,13547,903,6.5
"HEA 1000",990,300,16.5,31,30,868,346.8,272,553846,11.19,40,14004,934,6.35
"HEB 100",100,100,6,10,12,56,26,20.4,450,89.9,4.16,167,33.5,2.53
"HEB 120",120,120,6.5,11,12,74,34,26.7,864,144,5.04,318,52.9,3.06
"HEB 140",140,140,7,12,12,92,43,33.7,1.51,216,5.93,550,78.5,3.58
"HEB 160",160,160,8,13,15,104,54.3,42.6,2.49,311,6.78,889,111,4.05
"HEB 180",180,180,8.5,14,15,122,65.3,51.2,3.83,426,7.66,1.36,151,4.57
"HEB 200",200,200,9,15,18,134,78.1,61.3,5.7,570,8.54,2,200,5.07
"HEB 220",220,220,9.5,16,18,152,91,71.5,8.09,736,9.43,2.84,258,5.59
"HEB 240",240,240,10,17,21,164,106,83.2,11.26,938,10.3,3.92,327,6.08
"HEB 260",260,260,10,17.5,24,177,118,93,14.92,1.15,11.2,5.13,395,6.58
"HEB 280",280,280,10.5,18,24,196,131,103,19.27,1.38,12.1,6.59,471,7.09
"HEB 300",300,300,11,19,27,208,149,117,25.17,1.68,13,8.56,571,7.58
"HEB 320",320,300,11.5,20.5,27,225,161,127,30.82,1.93,13.8,9.24,616,7.57
"HEB 340",340,300,12,21.5,27,243,171,134,36.66,2.16,14.6,9.69,646,7.53
"HEB 360",360,300,12.5,22.5,27,261,181,142,43.19,2.4,15.5,10.14,676,7.49
"HEB 400",400,300,13.5,24,27,298,198,155,57.68,2.88,17.1,10.82,721,7.4
"HEB 450",450,300,14,26,27,344,218,171,79.89,3.55,19.1,11.72,781,7.33
"HEB 500",500,300,14.5,28,27,390,239,187,107.2,4.29,21.2,12.62,842,7.27
"HEB 550",550,300,15,29,27,438,254.1,199,136691,4.97,23.2,13077,872,7.17
"HEB 600",600,300,15.5,30,27,486,270,212,171041,5.79,25.2,13.35,902,7.08
"HEB 650",650,300,16,31,27,534,286.3,225,210616,6.48,27.1,13984,932,6.99
"HEB 700",700,300,17,32,27,582,306.4,241,256888,7.34,29,14441,963,6.87
"HEB 800",800,300,17.5,33,30,674,334.2,262,359083,8.98,32.8,14904,994,6.68
"HEB 900",900,300,18.5,35,30,770,371.3,291,494065,10.98,36.5,15816,1.05,6.53
"HEB 1000",1000,300,19,36,30,868,400,314,664748,12.89,40.1,16276,1.09,6.38
"HEM 100",120,106,12,20,12,56,53.2,41.8,1143,190,4.63,399,75,2.74
"HEM 120",140,126,12.5,21,12,74,66.4,52.1,2018,288,5.51,703,112,3.25
"HEM 140",160,146,13,22,12,92,80.6,63.2,3291,411,6.39,1144,157,3.77
"HEM 160",180,166,14,23,15,104,97.1,76.2,5098,566,7.25,1759,212,4.26
"HEM 180",200,186,14.5,24,15,122,113.3,88.9,7483,748,8.13,2.58,277,4.77
"HEM 200",220,206,15,25,18,134,131.1,103,10642,967,9,3651,354,5.27
"HEM 220",240,226,15.5,26,18,152,149.4,117,14605,1.22,9.89,5012,444,5.79
"HEM 240",270,248,18,32,21,164,199.6,157,24289,1.8,11,8153,657,6.39
"HEM 260",290,268,18,32.5,24,177,219.6,172,31307,2.16,11.9,10449,780,6.9
"HEM 280",310,288,18.5,33,24,196,240.2,189,39547,2.5,12.8,13163,914,7.4
"HEM 300",340,310,21,39,27,208,303.1,238,59201,3.48,14,19403,1.25,8
"HEM 320",359,309,21,40,27,225,312,245,68135,3.8,14.8,19709,1.28,7.95
"HEM 340",377,309,21,40,27,243,315.8,248,76372,4.05,15.6,19711,1.28,7.9
"HEM 360",395,308,21,40,27,261,318.8,250,84867,4.3,16.3,19522,1.27,7.83
"HEM 400",432,307,21,40,27,298,325.8,256,104119,4.82,17.9,19335,1.26,7.7
"HEM 450",478,307,21,40,27,344,335.4,263,131484,5.5,19.8,19339,1.26,7.59
"HEM 500",524,306,21,40,27,390,344.3,270,161929,6.18,21.7,19155,1.25,7.46
"HEM 550",572,306,21,40,27,438,354.4,278,197984,6.92,23.6,19158,1.25,7.35
"HEM 600",620,305,21,40,27,486,363.7,285,237447,7.66,25.6,18975,1.24,7.22
"HEM 650",668,305,21,40,27,534,373.7,293,281667,8.43,27.5,18979,1.24,7.13
"HEM 700",716,304,21,40,27,582,383,301,329278,9.2,29.3,18797,1.24,7.01
"HEM 800",814,303,21,40,30,674,404.3,317,442598,10.87,33.1,18627,1.23,6.79
"HEM 900",910,302,21,40,30,770,423.6,333,570434,12.54,36.7,18452,1.22,6.6
"HEM 1000",1008,302,21,40,30,868,442.2,349,722299,14.33,40.3,18459,1.22,6.45
"UPN 80",80,45,6,"","",46,11,8.64,106,26.5,3.1,19.4,6.36,""
"UPN 100",100,50,6,"","",64,13.5,10.6,206,41.2,3.91,29.3,8.49,""
"UPN 120",120,55,7,"","",82,17,13.4,364,60.7,4.62,43.2,11.1,""
"UPN 140",140,60,7,"","",98,20.4,16,605,86.4,5.45,62.7,14.8,""
"UPN 160",160,65,7.5,"","",115,24,18.8,925,116,6.21,85.3,18.3,""
"UPN 180",180,70,8,"","",133,27,22,1.35,150,6.95,114,22.4,""
"UPN 200",200,75,8.5,"","",151,32.2,25.3,1.91,191,7.7,148,27,""
"UPN 220",220,80,9,"","",167,37.4,29.4,2.69,245,8.48,197,33.6,""
"UPN 240",240,85,9.5,"","",184,42.3,33.2,3.6,300,9.22,248,39.6,""
"UPN 260",260,90,10,"","",200,48.3,37.9,4.82,371,9.99,317,47.7,""
"UPN 280",280,95,10,"","",216,53.3,41.8,6.28,448,10.9,399,57.2,""
"REC 50x30x2.5",50,30,2.5,"","","",3.68,2.89,11.8,3.48,1.79,"","",""
"REC 50x30x2.6",50,30,2.6,"","","",3.82,3,12.2,3.58,1.79,"","",""
"REC 50x30x3",50,30,3,"","","",4.34,3.41,13.6,3.96,1.77,"","",""
"REC 50x30x3.2",50,30,3.2,"","","",4.6,3.61,14.2,4.13,1.76,"","",""
"REC 50x30x3.6",50,30,3.6,"","","",5.1,4.01,15.4,4.45,1.74,"","",""
"REC 50x30x4",50,30,4,"","","",5.59,4.39,16.5,4.72,1.72,"","",""
"REC 50x30x5",50,30,5,"","","",6.73,5.28,18.7,5.26,1.67,"","",""
"REC 50x30x6.3",50,30,6.3,"","","",8.07,6.33,20.6,5.66,1.6,"","",""
"REC 50x30x7.1",50,30,7.1,"","","",8.8,6.91,21.3,5.78,1.56,"","",""
"REC 60x40x2.5",60,40,2.5,"","","",4.68,3.68,22.8,6.03,2.21,"","",""
"REC 60x40x2.6",60,40,2.6,"","","",4.86,3.81,23.6,6.22,2.2,"","",""
"REC 60x40x3",60,40,3,"","","",5.54,4.35,26.5,6.95,2.18,"","",""
"REC 60x40x3.2",60,40,3.2,"","","",5.88,4.62,27.8,7.29,2.18,"","",""
"REC 60x40x3.6",60,40,3.6,"","","",6.54,5.14,30.4,7.93,2.16,"","",""
"REC 60x40x4",60,40,4,"","","",7.19,5.64,32.8,8.52,2.14,"","",""
"REC 60x40x5",60,40,5,"","","",8.73,6.85,38.1,9.77,2.09,"","",""
"REC 60x40x6",60,40,6,"","","",10.2,7.99,42.3,10.7,2.04,"","",""
"REC 60x40x6.3",60,40,6.3,"","","",10.6,8.31,43.4,11,2.02,"","",""
"REC 60x40x7.1",60,40,7.1,"","","",11.6,9.14,45.9,11.5,1.98,"","",""
"REC 60x40x8",60,40,8,"","","",12.8,10,47.9,11.9,1.94,"","",""
"REC 60x40x9",60,40,9,"","","",14.76,11.6,55.5,13.3,1.94,"","",""
"REC 70x40x3.2",70,40,3.2,"","","",6.52,5.12,40.9,8.4,2.5,"","",""
"REC 70x40x4",70,40,4,"","","",7.99,6.27,48.5,9.8,2.46,"","",""
"REC 70x40x5",70,40,5,"","","",9.73,7.64,56.8,11.3,2.41,"","",""
"REC 70x40x6.3",70,40,6.3,"","","",11.8,9.3,65.4,12.8,2.35,"","",""
"REC 70x40x7.1",70,40,7.1,"","","",13.1,10.3,69.6,13.4,2.31,"","",""
"REC 70x40x8",70,40,8,"","","",14.4,11.3,73.4,14,2.26,"","",""
"REC 70x40x8.8",70,40,8.8,"","","",15.4,12.1,75.9,14.3,2.22,"","",""
"REC 70x40x10",70,40,10,"","","",16.9,13.3,78.5,14.5,2.15,"","",""
"REC 70x50x3.2",70,50,3.2,"","","",7.16,5.62,48,11.3,2.59,"","",""
"REC 70x50x4",70,50,4,"","","",8.79,6.9,57.2,13.4,2.55,"","",""
"REC 70x50x5",70,50,5,"","","",10.7,8.42,67.3,15.6,2.5,"","",""
"REC 70x50x6.3",70,50,6.3,"","","",13.1,10.3,78.2,18,2.44,"","",""
"REC 70x50x7.1",70,50,7.1,"","","",14.5,11.4,83.7,19.1,2.4,"","",""
"REC 70x50x8",70,50,8,"","","",16,12.5,88.8,20.1,2.36,"","",""
"REC 70x50x8.8",70,50,8.8,"","","",17.2,13.5,92.5,20.8,2.32,"","",""
"REC 70x50x10",70,50,10,"","","",18.9,14.9,96.6,21.6,2.26,"","",""
"REC 70x50x12.5",70,50,12.5,"","","",22.1,17.3,100,22,2.13,"","",""
"REC 80x40x3",80,40,3,"","","",6.74,5.29,54.2,9,2.84,"","",""
"REC 80x40x3.2",80,40,3.2,"","","",7.16,5.62,57.2,9.5,2.83,"","",""
"REC 80x40x3.6",80,40,3.6,"","","",7.98,6.27,62.8,10.3,2.81,"","",""
"REC 80x40x4",80,40,4,"","","",8.79,6.9,68.2,11.1,2.79,"","",""
"REC 80x40x5",80,40,5,"","","",10.7,8.42,80.3,12.9,2.74,"","",""
"REC 80x40x6",80,40,6,"","","",12.6,9.87,90.5,14.2,2.68,"","",""
"REC 80x40x6.3",80,40,6.3,"","","",13.1,10.3,93.3,14.6,2.67,"","",""
"REC 80x40x7.1",80,40,7.1,"","","",14.5,11.4,99.8,15.4,2.63,"","",""
"REC 80x40x8",80,40,8,"","","",16,12.5,106,16.1,2.58,"","",""
"REC 80x40x8.8",80,40,8.8,"","","",17.2,13.5,110,16.5,2.53,"","",""
"REC 80x40x10",80,40,10,"","","",18.9,14.9,115,16.9,2.47,"","",""
"REC 80x40x12.5",80,40,12.5,"","","",22.1,17.3,119,16.8,2.32,"","",""
"REC 80x50x3.2",80,50,3.2,"","","",7.8,6.12,66.6,12.7,2.92,"","",""
"REC 80x50x4",80,50,4,"","","",9.59,7.53,79.8,15.1,2.88,"","",""
"REC 80x50x5",80,50,5,"","","",11.7,9.21,94.4,17.7,2.84,"","",""
"REC 80x50x6.3",80,50,6.3,"","","",14.4,11.3,110,20.4,2.77,"","",""
"REC 80x50x7.1",80,50,7.1,"","","",15.9,12.5,119,21.7,2.73,"","",""
"REC 80x50x8",80,50,8,"","","",17.6,13.8,127,23,2.69,"","",""
"REC 80x50x8.8",80,50,8.8,"","","",19,14.9,133,23.9,2.65,"","",""
"REC 80x50x10",80,50,10,"","","",20.9,16.4,140,24.8,2.59,"","",""
"REC 80x50x12.5",80,50,12.5,"","","",24.6,19.3,148,25.6,2.45,"","",""
"REC 80x60x3.2",80,60,3.2,"","","",8.44,6.63,76.1,16.2,3,"","",""
"REC 80x60x4",80,60,4,"","","",10.4,8.15,91.3,19.3,2.97,"","",""
"REC 80x60x5",80,60,5,"","","",12.7,9.99,108,22.8,2.92,"","",""
"REC 80x60x6.3",80,60,6.3,"","","",15.6,12.3,128,26.6,2.86,"","",""
"REC 80x60x7.1",80,60,7.1,"","","",17.3,13.6,138,28.6,2.82,"","",""
"REC 80x60x8",80,60,8,"","","",19.2,15,148,30.5,2.78,"","",""
"REC 80x60x8.8",80,60,8.8,"","","",20.7,16.3,155,31.9,2.74,"","",""
"REC 80x60x10",80,60,10,"","","",22.9,18,165,33.6,2.68,"","",""
"REC 80x60x12.5",80,60,12.5,"","","",27.1,21.3,177,35.6,2.55,"","",""
"REC 76.2x50.8x3",76.2,50.8,3,"","","",7.16,5.62,56.7,11.8,2.81,"","",""
"REC 76.2x50.8x3.2",76.2,50.8,3.2,"","","",7.61,5.97,59.8,12.4,2.8,"","",""
"REC 76.2x50.8x3.6",76.2,50.8,3.6,"","","",8.49,6.66,65.8,13.6,2.78,"","",""
"REC 76.2x50.8x4",76.2,50.8,4,"","","",9.35,7.34,71.5,14.8,2.77,"","",""
"REC 76.2x50.8x5",76.2,50.8,5,"","","",11.4,8.97,84.4,17.3,2.72,"","",""
"REC 76.2x50.8x6",76.2,50.8,6,"","","",13.4,10.5,95.6,19.4,2.67,"","",""
"REC 76.2x50.8x6.3",76.2,50.8,6.3,"","","",14,11,98.6,19.9,2.66,"","",""
"REC 76.2x50.8x8",76.2,50.8,8,"","","",17.1,13.4,113,22.4,2.57,"","",""
"REC 90x50x3",90,50,3,"","","",7.94,6.24,84.4,13.4,3.26,"","",""
"REC 90x50x3.2",90,50,3.2,"","","",8.44,6.63,89.1,14.1,3.25,"","",""
"REC 90x50x3.6",90,50,3.6,"","","",9.42,7.4,98.3,15.5,3.23,"","",""
"REC 90x50x4",90,50,4,"","","",10.4,8.15,107,16.8,3.21,"","",""
"REC 90x50x5",90,50,5,"","","",12.7,9.99,127,19.7,3.16,"","",""
"REC 90x50x6",90,50,6,"","","",14.97,11.8,145,22.1,3.11,"","",""
"REC 90x50x6.3",90,50,6.3,"","","",15.6,12.3,150,22.8,3.1,"","",""
"REC 90x50x7.1",90,50,7.1,"","","",17.3,13.6,162,24.4,3.06,"","",""
"REC 90x50x8",90,50,8,"","","",19.2,15,174,25.8,3.01,"","",""
"REC 90x50x8.8",90,50,8.8,"","","",20.7,16.3,183,26.9,2.97,"","",""
"REC 90x50x10",90,50,10,"","","",22.9,18,194,28.1,2.91,"","",""
"REC 90x50x12.5",90,50,12.5,"","","",27.1,21.3,208,29.3,2.77,"","",""
"REC 90x70x3",90,70,3,"","","",9.24,7.25,108.9,21,3.43,"","",""
"REC 90x70x4",90,70,4,"","","",12.16,9.55,139.9,26.9,3.39,"","",""
"REC 90x70x5",90,70,5,"","","",15,11.8,168.4,32.2,3.35,"","",""
"REC 90x70x6",90,70,6,"","","",17.76,13.9,194.4,36.9,3.31,"","",""
"REC 90x70x8",90,70,8,"","","",23.04,18.1,239.5,45,3.22,"","",""
"REC 90x70x10",90,70,10,"","","",28,22,275.8,51.3,3.14,"","",""
"REC 100x40x3",100,40,3,"","","",8.04,6.31,97.8,11.2,3.49,"","",""
"REC 100x40x4",100,40,4,"","","",10.56,8.29,125.2,14,3.44,"","",""
"REC 100x40x5",100,40,5,"","","",13,10.2,150.1,16.4,3.4,"","",""
"REC 100x40x6",100,40,6,"","","",15.36,12.1,172.6,18.3,3.35,"","",""
"REC 100x40x8",100,40,8,"","","",19.84,15.6,210.9,21.2,3.26,"","",""
"REC 100x40x10",100,40,10,"","","",24,18.8,240.7,22.9,3.17,"","",""
"REC 100x50x3",100,50,3,"","","",8.54,6.71,110,14.7,3.58,"","",""
"REC 100x50x3.2",100,50,3.2,"","","",9.08,7.13,116,15.5,3.57,"","",""
"REC 100x50x3.6",100,50,3.6,"","","",10.14,7.96,128,17,3.55,"","",""
"REC 100x50x4",100,50,4,"","","",11.2,8.78,140,18.5,3.53,"","",""
"REC 100x50x5",100,50,5,"","","",13.7,10.8,167,21.7,3.48,"","",""
"REC 100x50x6",100,50,6,"","","",16.17,12.7,190,24.5,3.43,"","",""
"REC 100x50x6.3",100,50,6.3,"","","",16.9,13.3,197,25.2,3.42,"","",""
"REC 100x50x8",100,50,8,"","","",20.8,16.3,230,28.7,3.33,"","",""
"REC 100x50x8.8",100,50,8.8,"","","",22.5,17.6,243,29.9,3.29,"","",""
"REC 100x50x10",100,50,10,"","","",24.9,19.6,259,31.4,3.22,"","",""
"REC 100x50x12.5",100,50,12.5,"","","",29.6,23.2,281,32.9,3.08,"","",""
"REC 100x60x3",100,60,3,"","","",9.14,7.18,124,18.6,3.68,"","",""
"REC 100x60x3.2",100,60,3.2,"","","",9.72,7.63,131,19.6,3.67,"","",""
"REC 100x60x3.6",100,60,3.6,"","","",10.9,8.53,145,21.6,3.65,"","",""
"REC 100x60x4",100,60,4,"","","",12,9.41,158,23.5,3.63,"","",""
"REC 100x60x5",100,60,5,"","","",14.7,11.6,189,27.9,3.58,"","",""
"REC 100x60x6",100,60,6,"","","",17.4,13.6,217,31.7,3.53,"","",""
"REC 100x60x6.3",100,60,6.3,"","","",18.1,14.2,225,32.7,3.52,"","",""
"REC 100x60x8",100,60,8,"","","",22.4,17.5,264,37.8,3.44,"","",""
"REC 100x60x8.8",100,60,8.8,"","","",24.2,19,279,39.7,3.4,"","",""
"REC 100x60x10",100,60,10,"","","",26.9,21.1,299,42.1,3.33,"","",""
"REC 100x60x12.5",100,60,12.5,"","","",32.1,25.2,329,45.2,3.21,"","",""
"REC 100x80x3",100,80,3,"","","",10.44,8.2,154.3,27.3,3.84,"","",""
"REC 100x80x4",100,80,4,"","","",13.6,10.7,195,34.4,3.79,"","",""
"REC 100x80x5",100,80,5,"","","",16.7,13.1,234,41.2,3.74,"","",""
"REC 100x80x6.3",100,80,6.3,"","","",20.7,16.2,280,49,3.68,"","",""
"REC 100x80x7.1",100,80,7.1,"","","",23,18.1,306,53.4,3.64,"","",""
"REC 100x80x8",100,80,8,"","","",25.6,20.1,332,57.7,3.6,"","",""
"REC 100x80x8.8",100,80,8.8,"","","",27.8,21.8,353,61.2,3.57,"","",""
"REC 100x80x10",100,80,10,"","","",30.9,24.3,381,65.8,3.51,"","",""
"REC 100x80x12.5",100,80,12.5,"","","",37.1,29.1,426,73,3.39,"","",""
"REC 120x50x3",120,50,3,"","","",9.84,7.72,176.5,17.6,4.24,"","",""
"REC 120x50x4",120,50,4,"","","",12.96,10.2,227.6,22.2,4.19,"","",""
"REC 120x50x5",120,50,5,"","","",16,12.6,275.1,26.4,4.15,"","",""
"REC 120x50x6",120,50,6,"","","",18.96,14.9,319,29.9,4.1,"","",""
"REC 120x50x8",120,50,8,"","","",24.64,19.3,396.5,35.7,4.01,"","",""
"REC 120x50x10",120,50,10,"","","",30,23.6,460.9,39.8,3.92,"","",""
"REC 120x60x3",120,60,3,"","","",10.44,8.2,197,22.1,4.34,"","",""
"REC 120x60x3.6",120,60,3.6,"","","",12.3,9.66,227,25.4,4.3,"","",""
"REC 120x60x4",120,60,4,"","","",13.6,10.7,249,27.7,4.28,"","",""
"REC 120x60x5",120,60,5,"","","",16.7,13.1,299,32.9,4.23,"","",""
"REC 120x60x6",120,60,6,"","","",19.8,15.5,345,37.5,4.18,"","",""
"REC 120x60x6.3",120,60,6.3,"","","",20.7,16.2,358,38.8,4.16,"","",""
"REC 120x60x7.1",120,60,7.1,"","","",23,18.1,391,41.9,4.12,"","",""
"REC 120x60x8",120,60,8,"","","",25.6,20.1,425,45,4.08,"","",""
"REC 120x60x8.8",120,60,8.8,"","","",27.8,21.8,452,47.5,4.04,"","",""
"REC 120x60x10",120,60,10,"","","",30.9,24.3,488,50.5,3.97,"","",""
"REC 120x60x12.5",120,60,12.5,"","","",37.1,29.1,546,54.9,3.84,"","",""
"REC 120x80x3",120,80,3,"","","",11.64,9.14,238.1,31.7,4.52,"","",""
"REC 120x80x3.6",120,80,3.6,"","","",13.7,10.8,276,36.7,4.48,"","",""
"REC 120x80x4",120,80,4,"","","",15.2,11.9,303,40.2,4.46,"","",""
"REC 120x80x5",120,80,5,"","","",18.7,14.7,365,48.2,4.42,"","",""
"REC 120x80x6",120,80,6,"","","",22.2,17.4,423,55.6,4.37,"","",""
"REC 120x80x6.3",120,80,6.3,"","","",23.2,18.2,440,57.6,4.36,"","",""
"REC 120x80x8",120,80,8,"","","",28.8,22.6,525,68.1,4.27,"","",""
"REC 120x80x8.8",120,80,8.8,"","","",31.3,24.5,561,72.4,4.24,"","",""
"REC 120x80x10",120,80,10,"","","",34.9,27.4,609,78.1,4.18,"","",""
"REC 120x80x12.5",120,80,12.5,"","","",42.1,33,692,87.4,4.05,"","",""
"REC 120x80x14.2",120,80,14.2,"","","",46.6,36.6,734,91.8,3.97,"","",""
"REC 120x100x3",120,100,3,"","","",12.84,101,279.2,42.1,4.66,"","",""
"REC 120x100x4",120,100,4,"","","",16.96,13.3,362.3,54.5,4.62,"","",""
"REC 120x100x5",120,100,5,"","","",21,16.5,440.5,66.2,4.58,"","",""
"REC 120x100x6",120,100,6,"","","",24.96,19.6,514.1,77,4.54,"","",""
"REC 120x100x8",120,100,8,"","","",32.64,25.6,647.8,96.5,4.46,"","",""
"REC 120x100x10",120,100,10,"","","",40,31.4,764.3,113.2,4.37,"","",""
"REC 120x100x12",120,100,12,"","","",47.04,36.9,864.4,127.3,4.29,"","",""
"REC 140x60x3",140,60,3,"","","",11.64,9.14,288.9,25.4,4.98,"","",""
"REC 140x60x4",140,60,4,"","","",15.36,12.1,374.6,32.3,4.94,"","",""
"REC 140x60x5",140,60,5,"","","",19,14.9,455.2,38.7,4.89,"","",""
"REC 140x60x6",140,60,6,"","","",22.56,17.7,530.7,44.4,4.85,"","",""
"REC 140x60x8",140,60,8,"","","",29.44,23.1,667.3,54,4.76,"","",""
"REC 140x60x10",140,60,10,"","","",36,28.3,785.2,61.4,4.67,"","",""
"REC 140x70x3",140,70,3,"","","",12.24,9.61,317.1,30.7,5.09,"","",""
"REC 140x70x4",140,70,4,"","","",16,12.6,404,38.8,5.02,"","",""
"REC 140x70x5",140,70,5,"","","",19.7,15.5,488,46.5,4.98,"","",""
"REC 140x70x6.3",140,70,6.3,"","","",24.4,19.2,589,55.3,4.91,"","",""
"REC 140x70x7.1",140,70,7.1,"","","",27.3,21.4,647,60.2,4.87,"","",""
"REC 140x70x8",140,70,8,"","","",30.4,23.8,707,65.1,4.82,"","",""
"REC 140x70x8.8",140,70,8.8,"","","",33,25.9,756,69.1,4.78,"","",""
"REC 140x70x10",140,70,10,"","","",36.9,29,823,74.3,4.72,"","",""
"REC 140x70x12.5",140,70,12.5,"","","",44.6,35,939,82.6,4.59,"","",""
"REC 140x70x14.2",140,70,14.2,"","","",49.4,38.8,1000,86.4,4.5,"","",""
"REC 140x80x3",140,80,3,"","","",12.84,10.1,345.3,36.2,5.19,"","",""
"REC 140x80x4",140,80,4,"","","",16.8,13.2,441,46,5.12,"","",""
"REC 140x80x5",140,80,5,"","","",20.7,16.3,534,55.3,5.08,"","",""
"REC 140x80x6.3",140,80,6.3,"","","",25.7,20.2,646,66.2,5.01,"","",""
"REC 140x80x7.1",140,80,7.1,"","","",28.7,22.5,709,72.3,4.97,"","",""
"REC 140x80x8",140,80,8,"","","",32,25.1,776,78.5,4.93,"","",""
"REC 140x80x8.8",140,80,8.8,"","","",34.8,27.3,832,83.6,4.89,"","",""
"REC 140x80x10",140,80,10,"","","",38.9,30.6,908,90.5,4.83,"","",""
"REC 140x80x12.5",140,80,12.5,"","","",47.1,37,1040,102,4.7,"","",""
"REC 140x80x14.2",140,80,14.2,"","","",52.3,41,1110,107,4.62,"","",""
"REC 150x50x3",150,50,3,"","","",11.64,9.14,311.1,21.6,5.17,"","",""
"REC 150x50x4",150,50,4,"","","",15.2,11.9,394,27,5.09,"","",""
"REC 150x50x5",150,50,5,"","","",18.7,14.7,476,31.9,5.04,"","",""
"REC 150x50x6.3",150,50,6.3,"","","",23.2,18.2,572,37.3,4.97,"","",""
"REC 150x50x7.1",150,50,7.1,"","","",25.8,20.3,627,40.2,4.92,"","",""
"REC 150x50x8",150,50,8,"","","",29.44,23.1,683,43,4.87,"","",""
"REC 150x50x10",150,50,10,"","","",36,28.3,845.4,49.6,4.85,"","",""
"REC 150x60x3",150,60,3,"","","",12.24,9.61,343.5,27,5.3,"","",""
"REC 150x60x4",150,60,4,"","","",16.16,12.7,445.9,34.4,5.25,"","",""
"REC 150x60x5",150,60,5,"","","",20,15.7,542.6,41.2,5.21,"","",""
"REC 150x60x6",150,60,6,"","","",23.76,18.7,633.7,47.3,5.16,"","",""
"REC 150x60x8",150,60,8,"","","",31.04,24.4,799.2,57.6,5.07,"","",""
"REC 150x60x10",150,60,10,"","","",38,29.8,943.5,65.6,4.98,"","",""
"REC 150x75x3",150,75,3,"","","",13.14,10.3,392.1,35.5,5.46,"","",""
"REC 150x75x4",150,75,4,"","","",17.36,13.6,509.9,45.6,5.42,"","",""
"REC 150x75x5",150,75,5,"","","",21.5,16.9,621.5,55,5.38,"","",""
"REC 150x75x6",150,75,6,"","","",25.56,20.1,727,63.6,5.33,"","",""
"REC 150x75x7",150,75,7,"","","",29.54,23.2,826.6,71.5,5.29,"","",""
"REC 150x75x8",150,75,8,"","","",33.4,26.3,920.3,78.7,5.25,"","",""
"REC 150x75x10",150,75,10,"","","",41,32.2,1091,91.2,5.16,"","",""
"REC 150x75x12",150,75,12,"","","",48.24,37.9,1240,101.2,5.07,"","",""
"REC 150x100x3",150,100,3,"","","",14.64,11.5,473.1,50.6,5.69,"","",""
"REC 150x100x4",150,100,4,"","","",19.2,15.1,607,64.8,5.63,"","",""
"REC 150x100x5",150,100,5,"","","",23.7,18.6,739,78.5,5.58,"","",""
"REC 150x100x6",150,100,6,"","","",28.2,22.1,862,91.2,5.53,"","",""
"REC 150x100x6.3",150,100,6.3,"","","",29.5,23.1,898,94.8,5.52,"","",""
"REC 150x100x7.1",150,100,7.1,"","","",32.9,25.9,990,104,5.48,"","",""
"REC 150x100x8",150,100,8,"","","",36.8,28.9,1087,113.9,5.44,"","",""
"REC 150x100x8.8",150,100,8.8,"","","",40.1,31.5,1170,122,5.4,"","",""
"REC 150x100x10",150,100,10,"","","",44.9,35.3,1282,133.1,5.34,"","",""
"REC 150x100x12",150,100,12,"","","",52.7,41.4,1450,149,5.25,"","",""
"REC 150x100x12.5",150,100,12.5,"","","",54.6,42.8,1488,152.6,5.22,"","",""
"REC 150x100x14.2",150,100,14.2,"","","",60.8,47.7,1600,163,5.14,"","",""
"REC 150x100x16",150,100,16,"","","",67,52.6,1710,172,5.05,"","",""
"REC 160x80x3",160,80,3,"","","",14.04,11,478.1,40.6,5.84,"","",""
"REC 160x80x4",160,80,4,"","","",18.4,14.4,612,51.7,5.77,"","",""
"REC 160x80x5",160,80,5,"","","",22.7,17.8,744,62.3,5.72,"","",""
"REC 160x80x6",160,80,6,"","","",27,21.2,868,72,5.67,"","",""
"REC 160x80x6.3",160,80,6.3,"","","",28.2,22.2,903,74.8,5.66,"","",""
"REC 160x80x7.1",160,80,7.1,"","","",31.5,24.7,994,81.7,5.62,"","",""
"REC 160x80x8",160,80,8,"","","",35.2,27.6,1091,89,5.57,"","",""
"REC 160x80x8.8",160,80,8.8,"","","",38.3,30.1,1170,94.9,5.53,"","",""
"REC 160x80x10",160,80,10,"","","",42.9,33.7,1284,103,5.47,"","",""
"REC 160x80x12",160,80,12,"","","",50.3,39.5,1449,114,5.37,"","",""
"REC 160x80x12.5",160,80,12.5,"","","",52.1,40.9,1485,116,5.34,"","",""
"REC 160x80x14.2",160,80,14.2,"","","",57.9,45.5,1600,123,5.25,"","",""
"REC 160x80x16",160,80,16,"","","",63.8,50.1,1700,128,5.16,"","",""
"REC 160x90x3",160,90,3,"","","",14.64,11.5,515.1,46.9,5.93,"","",""
"REC 160x90x4",160,90,4,"","","",19.2,15.1,661,60,5.87,"","",""
"REC 160x90x5",160,90,5,"","","",23.7,18.6,804,72.5,5.82,"","",""
"REC 160x90x7.1",160,90,7.1,"","","",32.9,25.9,1080,95.7,5.72,"","",""
"REC 160x90x8",160,90,8,"","","",36.8,28.9,1180,105,5.68,"","",""
"REC 160x90x8.8",160,90,8.8,"","","",40.1,31.5,1270,112,5.64,"","",""
"REC 160x90x10",160,90,10,"","","",44.9,35.3,1400,122,5.58,"","",""
"REC 160x90x12.5",160,90,12.5,"","","",54.6,42.8,1620,139,5.45,"","",""
"REC 160x90x14.2",160,90,14.2,"","","",60.8,47.7,1750,148,5.36,"","",""
"REC 160x90x16",160,90,16,"","","",67,52.6,1860,155,5.27,"","",""
"REC 180x60x5",180,60,5,"","","",22.7,17.8,846,48.1,6.1,"","",""
"REC 180x60x6.3",180,60,6.3,"","","",28.2,22.2,1030,57,6.03,"","",""
"REC 180x60x7.1",180,60,7.1,"","","",31.5,24.7,1130,61.9,5.99,"","",""
"REC 180x60x8",180,60,8,"","","",35.84,28.1,1291,68.5,6,"","",""
"REC 180x60x10",180,60,10,"","","",44,34.5,1536,78.3,5.91,"","",""
"REC 180x60x12",180,60,12,"","","",51.84,40.7,1753,85.7,5.82,"","",""
"REC 180x80x3",180,80,3,"","","",15.24,12,639,45.1,6.48,"","",""
"REC 180x80x4",180,80,4,"","","",20.16,15.8,834,58.2,6.43,"","",""
"REC 180x80x5",180,80,5,"","","",24.7,19.4,1000,69.4,6.36,"","",""
"REC 180x80x6.3",180,80,6.3,"","","",30.7,24.1,1220,83.4,6.29,"","",""
"REC 180x80x7.1",180,80,7.1,"","","",34.4,27,1340,91.2,6.25,"","",""
"REC 180x80x8",180,80,8,"","","",38.4,30.1,1480,99.4,6.2,"","",""
"REC 180x80x8.8",180,80,8.8,"","","",41.8,32.8,1590,106,6.16,"","",""
"REC 180x80x10",180,80,10,"","","",46.9,36.8,1750,115,6.1,"","",""
"REC 180x80x12.5",180,80,12.5,"","","",57.1,44.8,2030,131,5.97,"","",""
"REC 180x80x14.2",180,80,14.2,"","","",63.6,49.9,2200,139,5.88,"","",""
"REC 180x80x16",180,80,16,"","","",70.2,55.1,2350,145,5.78,"","",""
"REC 180x90x4",180,90,4,"","","",20.96,16.5,895.9,67.3,6.54,"","",""
"REC 180x90x5",180,90,5,"","","",26,20.4,1097,81.6,6.5,"","",""
"REC 180x90x6",180,90,6,"","","",30.96,24.3,1289,95,6.45,"","",""
"REC 180x90x8",180,90,8,"","","",40.64,31.9,1647,119.2,6.37,"","",""
"REC 180x90x10",180,90,10,"","","",50,39.3,1970,139.9,6.28,"","",""
"REC 180x90x12",180,90,12,"","","",59.04,46.3,2262,157.6,6.19,"","",""
"REC 180x100x4",180,100,4,"","","",21.6,16.9,945,75.9,6.61,"","",""
"REC 180x100x5",180,100,5,"","","",26.7,21,1153,92,6.57,"","",""
"REC 180x100x6.3",180,100,6.3,"","","",33.3,26.1,1407,111,6.5,"","",""
"REC 180x100x7.1",180,100,7.1,"","","",37.2,29.2,1560,123,6.47,"","",""
"REC 180x100x8",180,100,8,"","","",41.6,32.6,1713,134,6.42,"","",""
"REC 180x100x8.8",180,100,8.8,"","","",45.4,35.6,1850,144,6.38,"","",""
"REC 180x100x10",180,100,10,"","","",50.9,40,2036,157,6.32,"","",""
"REC 180x100x12.5",180,100,12.5,"","","",62.1,48.7,2385,182,6.2,"","",""
"REC 180x100x14.2",180,100,14.2,"","","",69.3,54.4,2590,195,6.11,"","",""
"REC 180x100x16",180,100,16,"","","",76.6,60.1,2780,207,6.02,"","",""
"REC 180x120x4",180,120,4,"","","",22.87,17.9,1043,93.5,6.76,"","",""
"REC 180x120x5",180,120,5,"","","",28.23,22.2,1267,113.2,6.7,"","",""
"REC 180x120x6",180,120,6,"","","",33.45,26.3,1476,131.6,6.64,"","",""
"REC 180x120x8",180,120,8,"","","",43.46,34.1,1853,164.4,6.53,"","",""
"REC 180x120x10",180,120,10,"","","",52.91,41.5,2177,192.2,6.42,"","",""
"REC 180x140x5",180,140,5,"","","",30.23,23.7,1420,138.1,6.85,"","",""
"REC 180x140x6",180,140,6,"","","",35.85,28.1,1658,161,6.8,"","",""
"REC 180x140x8",180,140,8,"","","",16.66,36.6,2090,202.4,6.69,"","",""
"REC 180x140x10",180,140,10,"","","",56.91,44.7,2466,238.2,6.58,"","",""
"REC 200x100x4",200,100,4,"","","",23.2,18.2,1223,83,7.26,"","",""
"REC 200x100x5",200,100,5,"","","",28.7,22.6,1495,101,7.21,"","",""
"REC 200x100x6",200,100,6,"","","",34.2,26.8,1754,118,7.16,"","",""
"REC 200x100x6.3",200,100,6.3,"","","",35.8,28.1,1829,123,7.15,"","",""
"REC 200x100x8",200,100,8,"","","",44.8,35.1,2234,148,7.06,"","",""
"REC 200x100x10",200,100,10,"","","",54.9,43.1,2664,174,6.96,"","",""
"REC 200x100x12",200,100,12,"","","",64.7,50.8,3047,196,6.86,"","",""
"REC 200x100x12.5",200,100,12.5,"","","",67.1,52.7,3136,201,6.84,"","",""
"REC 200x100x14.2",200,100,14.2,"","","",75,58.9,3420,216,6.75,"","",""
"REC 200x100x16",200,100,16,"","","",83,65.2,3678,229,6.66,"","",""
"REC 200x120x5",200,120,5,"","","",30.7,24.1,1685,127,7.4,"","",""
"REC 200x120x6.3",200,120,6.3,"","","",38.3,30.1,2065,155,7.34,"","",""
"REC 200x120x8",200,120,8,"","","",48,37.6,2529,188,7.26,"","",""
"REC 200x120x10",200,120,10,"","","",58.9,46.3,3026,223,7.17,"","",""
"REC 200x120x12.5",200,120,12.5,"","","",72.1,56.6,3576,260,7.04,"","",""
"REC 200x120x14.2",200,120,14.2,"","","",80.7,63.3,3910,282,6.96,"","",""
"REC 200x120x16",200,120,16,"","","",89.4,70.2,4220,302,6.87,"","",""
"REC 200x150x5",200,150,5,"","","",33.23,26.1,1922,165,7.61,"","",""
"REC 200x150x6.3",200,150,6.3,"","","",42.1,33,2420,207,7.58,"","",""
"REC 200x150x8",200,150,8,"","","",52.8,41.4,2971,253,7.5,"","",""
"REC 200x150x10",200,150,10,"","","",64.9,51,3568,302,7.41,"","",""
"REC 200x180x6",200,180,6,"","","",43.05,33.8,2588,244.8,7.75,"","",""
"REC 200x180x8",200,180,8,"","","",56.26,44.2,3293,311.2,7.65,"","",""
"REC 200x180x10",200,180,10,"","","",68.91,54.1,3925,370.5,7.55,"","",""
"REC 200x180x12",200,180,12,"","","",80.99,63.6,4485,423,7.44,"","",""
"REC 220x80x4",220,80,4,"","","",22.87,17.9,1323,67.9,7.61,"","",""
"REC 220x80x5",220,80,5,"","","",28.23,22.2,1604,81.6,7.54,"","",""
"REC 220x80x6",220,80,6,"","","",33.45,26.3,1867,94.2,7.47,"","",""
"REC 220x80x8",220,80,8,"","","",43.46,34.1,2337,115.9,7.33,"","",""
"REC 220x80x10",220,80,10,"","","",52.91,41.5,2735,133.3,7.19,"","",""
"REC 220x100x5",220,100,5,"","","",30.23,23.7,1835,107.8,7.79,"","",""
"REC 220x100x6",220,100,6,"","","",35.85,28.1,2142,125.1,7.73,"","",""
"REC 220x100x8",220,100,8,"","","",46.66,36.6,2697,155.8,7.6,"","",""
"REC 220x100x10",220,100,10,"","","",56.91,44.7,3177,181.6,7.47,"","",""
"REC 220x120x5",220,120,5,"","","",32.23,25.3,2067,135.3,8.01,"","",""
"REC 220x120x6.3",220,120,6.3,"","","",40.8,32,2610,168,8,"","",""
"REC 220x120x8",220,120,8,"","","",51.2,40.2,3200,205,7.91,"","",""
"REC 220x120x10",220,120,10,"","","",62.9,49.4,3840,243,7.82,"","",""
"REC 220x120x12.5",220,120,12.5,"","","",77.1,60.5,4560,285,7.69,"","",""
"REC 220x120x14.2",220,120,14.2,"","","",86.3,67.8,5000,309,7.61,"","",""
"REC 220x120x16",220,120,16,"","","",95.8,75.2,5410,331,7.52,"","",""
"REC 220x140x5",220,140,5,"","","",34.23,26.9,2298,164.1,8.19,"","",""
"REC 220x140x6",220,140,6,"","","",40.65,31.9,2691,191.8,8.14,"","",""
"REC 220x140x8",220,140,8,"","","",53.06,41.7,3416,242.3,8.02,"","",""
"REC 220x140x10",220,140,10,"","","",64.91,51,4059,286.6,7.91,"","",""
"REC 220x140x12",220,140,12,"","","",76.19,59.8,4624,325,7.79,"","",""
"REC 220x180x5",220,180,5,"","","",38.23,30,2760,225.9,8.5,"","",""
"REC 220x180x6",220,180,6,"","","",45.45,35.7,3241,265,8.45,"","",""
"REC 220x180x8",220,180,8,"","","",59.46,46.7,4136,337.5,8.34,"","",""
"REC 220x180x10",220,180,10,"","","",72.91,57.2,4942,402.6,8.23,"","",""
"REC 220x180x12",220,180,12,"","","",85.79,67.3,5664,460.7,8.13,"","",""
"REC 250x50x4",250,50,4,"","","",22.87,17.9,1474,43.2,8.03,"","",""
"REC 250x50x5",250,50,5,"","","",28.23,22.2,1783,51.2,7.95,"","",""
"REC 250x50x6",250,50,6,"","","",33.45,26.3,2070,58.1,7.87,"","",""
"REC 250x50x8",250,50,8,"","","",43.46,34.1,2577,69.1,7.7,"","",""
"REC 250x100x4",250,100,4,"","","",27.3,21.4,2142,102,8.86,"","",""
"REC 250x100x5",250,100,5,"","","",33.23,26.1,2534,121.3,8.73,"","",""
"REC 250x100x6.3",250,100,6.3,"","","",42.1,33,3210,150,8.73,"","",""
"REC 250x100x8",250,100,8,"","","",52.8,41.4,3940,182,8.64,"","",""
"REC 250x100x10",250,100,10,"","","",64.9,51,4733,214,8.54,"","",""
"REC 250x100x12.5",250,100,12.5,"","","",79.6,62.5,5622,249,8.41,"","",""
"REC 250x100x14.2",250,100,14.2,"","","",89.2,70,6160,269,8.31,"","",""
"REC 250x100x16",250,100,16,"","","",99,77.7,6690,287,8.22,"","",""
"REC 250x150x4",250,150,4,"","","",31.3,24.6,2747,167,9.37,"","",""
"REC 250x150x5",250,150,5,"","","",38.7,30.4,3360,204,9.31,"","",""
"REC 250x150x6",250,150,6,"","","",46.2,36.2,3965,239,9.27,"","",""
"REC 250x150x6.3",250,150,6.3,"","","",48.4,38,4143,250,9.25,"","",""
"REC 250x150x8",250,150,8,"","","",60.8,47.7,5111,306,9.17,"","",""
"REC 250x150x10",250,150,10,"","","",74.9,58.8,6174,367,9.08,"","",""
"REC 250x150x12",250,150,12,"","","",88.7,69.6,7154,422,8.98,"","",""
"REC 250x150x12.5",250,150,12.5,"","","",92.1,72.3,7387,435,8.96,"","",""
"REC 250x150x14.2",250,150,14.2,"","","",103,81.1,8141,477,8.87,"","",""
"REC 250x150x16",250,150,16,"","","",115,90.3,8879,516,8.79,"","",""
"REC 260x140x4",260,140,4,"","","",31.3,24.6,2888,159,9.61,"","",""
"REC 260x140x5",260,140,5,"","","",38.23,30,3449,190.2,9.5,"","",""
"REC 260x140x6.3",260,140,6.3,"","","",48.4,38,4350,237,9.49,"","",""
"REC 260x140x8",260,140,8,"","","",60.8,47.7,5370,290,9.4,"","",""
"REC 260x140x10",260,140,10,"","","",74.9,58.8,6490,347,9.31,"","",""
"REC 260x140x12.5",260,140,12.5,"","","",92.1,72.3,7770,411,9.18,"","",""
"REC 260x140x14.2",260,140,14.2,"","","",103,81.1,8560,449,9.1,"","",""
"REC 260x140x16",260,140,16,"","","",115,90.3,9340,486,9.01,"","",""
"REC 260x180x5",260,180,5,"","","",42.23,33.1,4100,259.9,9.85,"","",""
"REC 260x180x6.3",260,180,6.3,"","","",53.4,41.9,5166,325,9.83,"","",""
"REC 260x180x8",260,180,8,"","","",67.2,52.7,6390,401,9.75,"","",""
"REC 260x180x10",260,180,10,"","","",82.9,65.1,7741,483,9.66,"","",""
"REC 260x180x12.5",260,180,12.5,"","","",102,80.1,9299,577,9.54,"","",""
"REC 260x180x14.2",260,180,14.2,"","","",115,90.1,10280,635,9.46,"","",""
"REC 260x180x16",260,180,16,"","","",128,100,11250,692,9.38,"","",""
"REC 300x100x4",300,100,4,"","","",31.3,24.6,3394,121,10.4,"","",""
"REC 300x100x5",300,100,5,"","","",38.23,30,4036,143.9,10.28,"","",""
"REC 300x100x6.3",300,100,6.3,"","","",48.4,38,5110,178,10.3,"","",""
"REC 300x100x8",300,100,8,"","","",60.8,47.7,6305,216,10.2,"","",""
"REC 300x100x10",300,100,10,"","","",74.9,58.8,7613,255,10.1,"","",""
"REC 300x100x12.5",300,100,12.5,"","","",92.1,72.3,9100,297,9.94,"","",""
"REC 300x100x14.2",300,100,14.2,"","","",103,81.1,10030,321,9.85,"","",""
"REC 300x100x16",300,100,16,"","","",115,90.3,10930,344,9.75,"","",""
"REC 300x150x4",300,150,4,"","","",35.3,27.7,4270,195,11,"","",""
"REC 300x150x5",300,150,5,"","","",43.23,33.9,5124,235.1,10.89,"","",""
"REC 300x150x6.3",300,150,6.3,"","","",54.9,43.1,6521,295,10.9,"","",""
"REC 300x150x8",300,150,8,"","","",68.8,54,8010,360,10.8,"","",""
"REC 300x150x10",300,150,10,"","","",84.9,66.7,9720,433,10.7,"","",""
"REC 300x150x12.5",300,150,12.5,"","","",105,82.1,11690,514,10.6,"","",""
"REC 300x200x4",300,200,4,"","","",39.3,30.8,5146,277,11.5,"","",""
"REC 300x200x5",300,200,5,"","","",48.7,38.3,6322,340,11.4,"","",""
"REC 300x200x6",300,200,6,"","","",58.2,45.7,7486,401,11.3,"","",""
"REC 300x200x6.3",300,200,6.3,"","","",61,47.9,7829,419,11.3,"","",""
"REC 300x200x8",300,200,8,"","","",76.8,60.3,9717,518,11.3,"","",""
"REC 300x200x10",300,200,10,"","","",94.9,74.5,11820,628,11.2,"","",""
"REC 300x200x12",300,200,12,"","","",113,88.5,13797,729,11.1,"","",""
"REC 300x200x12.5",300,200,12.5,"","","",117,91.9,14270,754,11,"","",""
"REC 300x200x14.2",300,200,14.2,"","","",132,103,15830,833,11,"","",""
"REC 300x200x16",300,200,16,"","","",147,115,17390,911,10.9,"","",""
"REC 350x100x5",350,100,5,"","","",43.23,33.9,6017,166.5,11.8,"","",""
"REC 350x100x6",350,100,6,"","","",51.45,40.4,7075,194.1,11.73,"","",""
"REC 350x100x8",350,100,8,"","","",67.46,53,9050,244,11.58,"","",""
"REC 350x100x10",350,100,10,"","","",82.91,65.1,10840,287.3,11.44,"","",""
"REC 350x100x12",350,100,12,"","","",97.79,76.8,12450,324.4,11.28,"","",""
"REC 350x150x5",350,150,5,"","","",48.23,37.9,7505,270.2,12.47,"","",""
"REC 350x150x6",350,150,6,"","","",57.45,45.1,8850,317.4,12.41,"","",""
"REC 350x150x8",350,150,8,"","","",75.46,59.2,11390,405.2,12.29,"","",""
"REC 350x150x10",350,150,10,"","","",92.91,72.9,13730,484.7,12.16,"","",""
"REC 350x150x12",350,150,12,"","","",109.8,86.2,15880,556.3,12.03,"","",""
"REC 350x250x6.3",350,250,6.3,"","","",73.6,57.8,13200,631,13.4,"","",""
"REC 350x250x8",350,250,8,"","","",92.8,72.8,16450,784,13.3,"","",""
"REC 350x250x10",350,250,10,"","","",115,90.2,20100,955,13.2,"","",""
"REC 350x250x12.5",350,250,12.5,"","","",142,112,24420,1156,13.1,"","",""
"REC 350x250x14.2",350,250,14.2,"","","",160,126,27200,1284,13,"","",""
"REC 350x250x16",350,250,16,"","","",179,141,30010,1412,12.9,"","",""
"REC 400x100x5",400,100,5,"","","",48.23,37.9,8537,189.1,13.31,"","",""
"REC 400x100x6",400,100,6,"","","",57.45,45.1,10060,220.6,13.23,"","",""
"REC 400x100x8",400,100,8,"","","",75.46,59.2,12920,278,13.08,"","",""
"REC 400x100x10",400,100,10,"","","",92.91,72.9,15530,328,12.93,"","",""
"REC 400x100x12",400,100,12,"","","",109.8,86.2,17920,371.1,12.78,"","",""
"REC 400x200x6",400,200,6,"","","",70.2,55.1,14998,514,14.6,"","",""
"REC 400x200x6.3",400,200,6.3,"","","",73.6,57.8,15696,538,14.6,"","",""
"REC 400x200x8",400,200,8,"","","",92.8,72.8,19560,666,14.5,"","",""
"REC 400x200x10",400,200,10,"","","",115,90.2,23910,808,14.4,"","",""
"REC 400x200x12",400,200,12,"","","",137,107,28059,942,14.3,"","",""
"REC 400x200x12.5",400,200,12.5,"","","",142,112,29060,974,14.3,"","",""
"REC 400x200x14.2",400,200,14.2,"","","",160,126,32380,1078,14.2,"","",""
"REC 400x200x16",400,200,16,"","","",179,141,35740,1182,14.1,"","",""
"REC 400x250x6.3",400,250,6.3,"","","",80.1,62.9,18230,708,15.1,"","",""
"REC 400x250x8",400,250,8,"","","",101,79.4,22780,882,15,"","",""
"REC 400x250x10",400,250,10,"","","",126,98.5,27940,1077,14.9,"","",""
"REC 400x250x12.5",400,250,12.5,"","","",155,122,34100,1307,14.8,"","",""
"REC 400x250x14.2",400,250,14.2,"","","",176,138,38110,1455,14.7,"","",""
"REC 400x250x16",400,250,16,"","","",197,154,42200,1605,14.7,"","",""
"REC 400x300x6.3",400,300,6.3,"","","",86.2,67.7,20580,884,15.5,"","",""
"REC 400x300x8",400,300,8,"","","",109,85.4,25710,1100,15.4,"","",""
"REC 400x300x10",400,300,10,"","","",135,106,31520,1350,15.3,"","",""
"REC 400x300x12.5",400,300,12.5,"","","",167,131,38450,1640,15.2,"","",""
"REC 400x300x14.2",400,300,14.2,"","","",189,148,42950,1830,15.1,"","",""
"REC 400x300x16",400,300,16,"","","",211,166,47540,2020,15,"","",""
"REC 450x250x6.3",450,250,6.3,"","","",86.2,67.7,24070,781,16.7,"","",""
"REC 450x250x8",450,250,8,"","","",109,85.4,30080,971,16.6,"","",""
"REC 450x250x10",450,250,10,"","","",135,106,36900,1185,16.5,"","",""
"REC 450x250x12.5",450,250,12.5,"","","",167,131,45030,1438,16.4,"","",""
"REC 450x250x14.2",450,250,14.2,"","","",189,148,50320,1600,16.3,"","",""
"REC 450x250x16",450,250,16,"","","",211,166,55710,1763,16.2,"","",""
"REC 500x200x6.3",500,200,6.3,"","","",86.2,67.7,27240,656,17.8,"","",""
"REC 500x200x8",500,200,8,"","","",109,85.4,34050,814,17.7,"","",""
"REC 500x200x10",500,200,10,"","","",135,106,41760,989,17.6,"","",""
"REC 500x200x12.5",500,200,12.5,"","","",167,131,50960,1190,17.5,"","",""
"REC 500x200x14.2",500,200,14.2,"","","",189,148,56940,1320,17.4,"","",""
"REC 500x200x16",500,200,16,"","","",211,166,63040,1450,17.3,"","",""
"REC 500x300x6.3",500,300,6.3,"","","",98.8,77.5,34920,1070,18.8,"","",""
"REC 500x300x8",500,300,8,"","","",125,97.9,43728,1330,18.7,"","",""
"REC 500x300x10",500,300,10,"","","",155,122,53760,1629,18.6,"","",""
"REC 500x300x12",500,300,12,"","","",185,145,63446,1916,18.5,"","",""
"REC 500x300x12.5",500,300,12.5,"","","",192,151,65810,1985,18.5,"","",""
"REC 500x300x14.2",500,300,14.2,"","","",217,170,73700,2216,18.4,"","",""
"REC 500x300x16",500,300,16,"","","",243,191,81780,2451,18.3,"","",""